<?xml version="1.0" encoding="UTF-8"?>
<beans xmlns="http://www.springframework.org/schema/beans"
	xmlns:xsi="http://www.w3.org/2001/XMLSchema-instance"
	xmlns:aop="http://www.springframework.org/schema/aop"
	xmlns:p="http://www.springframework.org/schema/p"
	xmlns:context="http://www.springframework.org/schema/context"
	xmlns:tx="http://www.springframework.org/schema/tx"
	xsi:schemaLocation="http://www.springframework.org/schema/beans http://www.springframework.org/schema/beans/spring-beans.xsd
		http://www.springframework.org/schema/context http://www.springframework.org/schema/context/spring-context-4.0.xsd
		http://www.springframework.org/schema/aop http://www.springframework.org/schema/aop/spring-aop-4.0.xsd
		http://www.springframework.org/schema/tx http://www.springframework.org/schema/tx/spring-tx-4.0.xsd">

	<context:property-placeholder location="classpath:db.properties"/>
	<context:component-scan base-package="com.jianZhi.ssh"></context:component-scan>
	<bean id="dataSource" class="com.mchange.v2.c3p0.ComboPooledDataSource">
		<property name="user" value="${jdbc.user}"></property>
		<property name="password" value="${jdbc.password}"></property>
		<property name="driverClass" value="${jdbc.driverClass}"></property>
		<property name="jdbcUrl" value="${jdbc.jdbcUrl}"></property>
		<property name="initialPoolSize" value="${jdbc.initialPoolSize}"></property>
		<property name="maxPoolSize" value="${jdbc.maxPoolSize}"></property>
	</bean>
	
	<bean id="sessionFactory" class="org.springframework.orm.hibernate4.LocalSessionFactoryBean">
		<property name="dataSource" ref="dataSource"></property>
		<property name="configLocation" value="classpath:hibernate.cfg.xml"></property>
		<property name="mappingLocations" value="classpath:com/jianZhi/ssh/entities/*.hbm.xml"></property>
	</bean>
	
	<bean id="transactionManager" class="org.springframework.orm.hibernate4.HibernateTransactionManager">
		<property name="sessionFactory" ref="sessionFactory"></property>
	</bean>
	
	<!-- 配置事务的属性 -->
	<tx:advice id="txAdvice" transaction-manager="transactionManager">
		<tx:attributes>
			<tx:method name="get*" read-only="true"/>
			<tx:method name="*"/>
		</tx:attributes>
	</tx:advice>
	
	<aop:config>
		<aop:pointcut expression="execution(* com.jianZhi.ssh.services.*.*(..))" id="txPointCut"/>
		<aop:advisor advice-ref="txAdvice" pointcut-ref="txPointCut"/>
	</aop:config>
	
	<bean id="cityDao" class="com.jianZhi.ssh.Dao.impl.CityDaoImpl">
		<property name="sessionFactory" ref="sessionFactory"></property>
	</bean>
	
	<bean id="companyDao" class="com.jianZhi.ssh.Dao.impl.CompanyDaoImpl">
		<property name="sessionFactory" ref="sessionFactory"></property>
	</bean>
	
	<bean id="recruiterDao" class="com.jianZhi.ssh.Dao.impl.RecruiterDaoImpl">
		<property name="sessionFactory" ref="sessionFactory"></property>
	</bean>
	
	<bean id="recruitmentDao" class="com.jianZhi.ssh.Dao.impl.RecruitmentDaoImpl">
		<property name="sessionFactory" ref="sessionFactory"></property>
	</bean>
	
	<bean id="schoolDao" class="com.jianZhi.ssh.Dao.impl.SchoolDaoImpl">
		<property name="sessionFactory" ref="sessionFactory"></property>
	</bean>
	
	<bean id="studentDao" class="com.jianZhi.ssh.Dao.impl.StudentDaoImpl">
		<property name="sessionFactory" ref="sessionFactory"></property>
	</bean>
	
	<bean id="correspondDao" class="com.jianZhi.ssh.Dao.impl.CorrespondDaoImpl">
		<property name="sessionFactory" ref="sessionFactory"></property>
	</bean>
	
	<bean id="workKindDao" class="com.jianZhi.ssh.Dao.impl.WorkKindDaoImpl">
		<property name="sessionFactory" ref="sessionFactory"></property>
	</bean>
</beans>
