<?xml version="1.0" encoding="UTF-8"?>
<!DOCTYPE hibernate-configuration PUBLIC
		"-//Hibernate/Hibernate Configuration DTD 3.0//EN"
		"http://hibernate.sourceforge.net/hibernate-configuration-3.0.dtd">
<hibernate-configuration>
	<session-factory>
		<property name="hibernate.dialect">org.hibernate.dialect.MySQL5InnoDBDialect </property>
		<property name="hibernate.show_sql">false</property>
		<property name="hibernate.format_sql">false</property>
		<property name="hibernate.hbm2ddl.auto">update</property>

		<!--
		<property name="connection.username">root</property>
		<property name="connection.password">linying</property>
		<property name="connection.driver_class">com.mysql.jdbc.Driver</property>
		<property name="connection.url">jdbc:mysql:///ssh_jianzhi</property>
		<property name="connection.isolation">2</property>
		<property name="hibernate.c3p0.max_size">10</property>
		<property name="hibernate.c3p0.min_size">5</property>
		<property name="hibernate.c3p0.acquire_increment">2</property>
		<property name="hibernate.c3p0.idle_test_period">2000</property>
		<property name="hibernate.c3p0.timeout">10</property>
		
		<mapping resource="com/jianZhi/ssh/entities/City.hbm.xml"/>
		<mapping resource="com/jianZhi/ssh/entities/Company.hbm.xml"/>
		<mapping resource="com/jianZhi/ssh/entities/Correspond.hbm.xml"/>
		<mapping resource="com/jianZhi/ssh/entities/Recruiter.hbm.xml"/>
		<mapping resource="com/jianZhi/ssh/entities/School.hbm.xml"/>
		<mapping resource="com/jianZhi/ssh/entities/Student.hbm.xml"/>
		<mapping resource="com/jianZhi/ssh/entities/WorkKind.hbm.xml"/>
		<mapping resource="com/jianZhi/ssh/entities/Recruitment.hbm.xml"/> test -->
		
		
	</session-factory>
</hibernate-configuration>
